officer_id,name,branch_id,role
OF000001,Anne Mwangi,BR001,LoanOfficer
OF000002,Mercy Wanjiru,BR001,LoanOfficer
OF000003,Aisha Mwangi,BR001,LoanOfficer
OF000004,Musa Kibet,BR001,LoanOfficer
OF000005,James Achieng,BR001,LoanOfficer
OF000006,David Owino,BR002,LoanOfficer
OF000007,Mercy Achieng,BR002,LoanOfficer
OF000008,Grace Maina,BR002,LoanOfficer
OF000009,Susan Owino,BR002,LoanOfficer
OF000010,Mercy Owino,BR002,LoanOfficer
OF000011,Halima Mutiso,BR002,LoanOfficer
OF000012,Mercy Wanjiru,BR002,LoanOfficer
OF000013,Kevin Mutiso,BR003,LoanOfficer
OF000014,Peter Mutiso,BR003,LoanOfficer
OF000015,Esther Owino,BR003,LoanOfficer
OF000016,Musa Mwangi,BR003,LoanOfficer
OF000017,Kevin Wanjiru,BR003,LoanOfficer
OF000018,Esther Kibet,BR004,LoanOfficer
OF000019,Halima Wanjiru,BR004,LoanOfficer
OF000020,Mercy Otieno,BR004,LoanOfficer
OF000021,Mercy Achieng,BR004,LoanOfficer
OF000022,Grace Mutiso,BR005,LoanOfficer
OF000023,Grace Njoroge,BR005,LoanOfficer
OF000024,Paul Otieno,BR005,LoanOfficer
OF000025,Musa Wanjiru,BR005,LoanOfficer
OF000026,Paul Achieng,BR005,LoanOfficer
OF000027,James Mwangi,BR005,LoanOfficer
OF000028,Kevin Achieng,BR005,LoanOfficer
OF000029,Musa Mwangi,BR005,LoanOfficer
OF000030,James Otieno,BR005,LoanOfficer
OF000031,Grace Mutiso,BR005,LoanOfficer
OF000032,Paul Owino,BR005,LoanOfficer
OF000033,Musa Mutiso,BR006,LoanOfficer
OF000034,Aisha Mwangi,BR006,LoanOfficer
OF000035,Grace Mutiso,BR006,LoanOfficer
OF000036,John Mutiso,BR006,LoanOfficer
OF000037,David Owino,BR006,LoanOfficer
OF000038,David Mutiso,BR006,LoanOfficer
OF000039,Anne Achieng,BR006,LoanOfficer
OF000040,Grace Otieno,BR007,LoanOfficer
OF000041,David Otieno,BR007,LoanOfficer
OF000042,John Maina,BR007,LoanOfficer
OF000043,Anne Achieng,BR007,LoanOfficer
OF000044,John Kibet,BR007,LoanOfficer
OF000045,John Mwangi,BR007,LoanOfficer
OF000046,Susan Owino,BR007,LoanOfficer
OF000047,Mary Achieng,BR007,LoanOfficer
OF000048,Grace Mwangi,BR007,LoanOfficer
OF000049,Mary Wanjiru,BR007,LoanOfficer
OF000050,Musa Kamau,BR007,LoanOfficer
OF000051,Susan Wanjiru,BR008,LoanOfficer
OF000052,Kevin Otieno,BR008,LoanOfficer
OF000053,Esther Wanjiru,BR008,LoanOfficer
OF000054,Aisha Maina,BR008,LoanOfficer
OF000055,Mercy Maina,BR008,LoanOfficer
OF000056,Susan Wanjiru,BR009,LoanOfficer
OF000057,Esther Maina,BR009,LoanOfficer
OF000058,Susan Achieng,BR009,LoanOfficer
OF000059,Peter Njoroge,BR009,LoanOfficer
OF000060,Kevin Kibet,BR010,LoanOfficer
OF000061,Mercy Njoroge,BR010,LoanOfficer
OF000062,Esther Kamau,BR010,LoanOfficer
OF000063,Kevin Njoroge,BR010,LoanOfficer
OF000064,Paul Kibet,BR010,LoanOfficer
OF000065,Aisha Wanjiru,BR010,LoanOfficer
OF000066,John Owino,BR010,LoanOfficer
OF000067,James Achieng,BR011,LoanOfficer
OF000068,Mercy Achieng,BR011,LoanOfficer
OF000069,David Kamau,BR011,LoanOfficer
OF000070,Aisha Kibet,BR011,LoanOfficer
OF000071,Aisha Wanjiru,BR011,LoanOfficer
OF000072,Peter Njoroge,BR012,LoanOfficer
OF000073,Grace Owino,BR012,LoanOfficer
OF000074,Musa Achieng,BR012,LoanOfficer
OF000075,Anne Njoroge,BR012,LoanOfficer
OF000076,Susan Achieng,BR012,LoanOfficer
OF000077,John Achieng,BR012,LoanOfficer
OF000078,David Wanjiru,BR012,LoanOfficer
OF000079,David Wanjiru,BR013,LoanOfficer
OF000080,Aisha Wanjiru,BR013,LoanOfficer
OF000081,Anne Achieng,BR013,LoanOfficer
OF000082,Grace Njoroge,BR013,LoanOfficer
OF000083,David Maina,BR013,LoanOfficer
OF000084,Mercy Kibet,BR013,LoanOfficer
OF000085,Kevin Njoroge,BR014,LoanOfficer
OF000086,Mary Owino,BR014,LoanOfficer
OF000087,David Mwangi,BR014,LoanOfficer
OF000088,James Mutiso,BR014,LoanOfficer
OF000089,Musa Njoroge,BR014,LoanOfficer
OF000090,John Mwangi,BR014,LoanOfficer
OF000091,Peter Kamau,BR014,LoanOfficer
OF000092,Grace Owino,BR015,LoanOfficer
OF000093,Mary Mutiso,BR015,LoanOfficer
OF000094,Mary Mwangi,BR015,LoanOfficer
OF000095,James Wanjiru,BR015,LoanOfficer
OF000096,Aisha Kamau,BR015,LoanOfficer
OF000097,Mary Mwangi,BR015,LoanOfficer
OF000098,Musa Kibet,BR015,LoanOfficer
OF000099,Susan Achieng,BR015,LoanOfficer
OF000100,Esther Kamau,BR016,LoanOfficer
OF000101,John Njoroge,BR016,LoanOfficer
OF000102,Peter Mwangi,BR016,LoanOfficer
OF000103,Aisha Kibet,BR016,LoanOfficer
OF000104,Mercy Otieno,BR016,LoanOfficer
OF000105,Kevin Wanjiru,BR016,LoanOfficer
OF000106,Halima Achieng,BR017,LoanOfficer
OF000107,Aisha Mutiso,BR017,LoanOfficer
OF000108,Susan Kamau,BR017,LoanOfficer
OF000109,Aisha Otieno,BR017,LoanOfficer
OF000110,Musa Kamau,BR017,LoanOfficer
OF000111,Halima Kamau,BR017,LoanOfficer
OF000112,Aisha Mutiso,BR017,LoanOfficer
OF000113,John Kamau,BR017,LoanOfficer
OF000114,Anne Kibet,BR017,LoanOfficer
OF000115,Halima Otieno,BR018,LoanOfficer
OF000116,David Kamau,BR018,LoanOfficer
OF000117,Halima Wanjiru,BR018,LoanOfficer
OF000118,Esther Mwangi,BR018,LoanOfficer
OF000119,Musa Owino,BR018,LoanOfficer
OF000120,Mercy Otieno,BR018,LoanOfficer
OF000121,Musa Owino,BR018,LoanOfficer
OF000122,Peter Njoroge,BR018,LoanOfficer
OF000123,Musa Otieno,BR018,LoanOfficer
OF000124,Mercy Mwangi,BR018,LoanOfficer
OF000125,Esther Kibet,BR019,LoanOfficer
OF000126,David Wanjiru,BR019,LoanOfficer
OF000127,Halima Njoroge,BR019,LoanOfficer
OF000128,Peter Achieng,BR019,LoanOfficer
OF000129,Esther Achieng,BR019,LoanOfficer
OF000130,Peter Mwangi,BR019,LoanOfficer
OF000131,James Njoroge,BR019,LoanOfficer
OF000132,Susan Njoroge,BR020,LoanOfficer
OF000133,John Wanjiru,BR020,LoanOfficer
OF000134,Susan Mutiso,BR020,LoanOfficer
OF000135,Peter Kibet,BR020,LoanOfficer
OF000136,Esther Maina,BR020,LoanOfficer
OF000137,Mary Wanjiru,BR020,LoanOfficer
OF000138,Aisha Maina,BR021,LoanOfficer
OF000139,Mercy Njoroge,BR021,LoanOfficer
OF000140,John Mutiso,BR021,LoanOfficer
OF000141,John Achieng,BR021,LoanOfficer
OF000142,Aisha Achieng,BR021,LoanOfficer
OF000143,Kevin Otieno,BR021,LoanOfficer
OF000144,Peter Mutiso,BR021,LoanOfficer
OF000145,James Kibet,BR021,LoanOfficer
OF000146,Susan Kibet,BR021,LoanOfficer
OF000147,Kevin Wanjiru,BR021,LoanOfficer
OF000148,Mary Njoroge,BR022,LoanOfficer
OF000149,Kevin Mutiso,BR022,LoanOfficer
OF000150,Peter Mutiso,BR022,LoanOfficer
OF000151,Anne Njoroge,BR022,LoanOfficer
OF000152,Mary Kamau,BR022,LoanOfficer
OF000153,Mercy Mutiso,BR022,LoanOfficer
OF000154,Kevin Mutiso,BR022,LoanOfficer
OF000155,Kevin Kamau,BR022,LoanOfficer
OF000156,Esther Achieng,BR023,LoanOfficer
OF000157,Musa Mwangi,BR023,LoanOfficer
OF000158,David Njoroge,BR023,LoanOfficer
OF000159,Mercy Mutiso,BR023,LoanOfficer
OF000160,Halima Maina,BR023,LoanOfficer
OF000161,Susan Kibet,BR023,LoanOfficer
OF000162,Paul Owino,BR023,LoanOfficer
OF000163,Paul Otieno,BR023,LoanOfficer
OF000164,Paul Kamau,BR024,LoanOfficer
OF000165,Kevin Wanjiru,BR024,LoanOfficer
OF000166,David Achieng,BR024,LoanOfficer
OF000167,Kevin Maina,BR024,LoanOfficer
OF000168,Peter Wanjiru,BR024,LoanOfficer
OF000169,Musa Otieno,BR024,LoanOfficer
OF000170,Kevin Njoroge,BR024,LoanOfficer
OF000171,Mercy Otieno,BR024,LoanOfficer
OF000172,Grace Mwangi,BR024,LoanOfficer
OF000173,John Otieno,BR024,LoanOfficer
OF000174,Paul Maina,BR024,LoanOfficer
OF000175,Musa Wanjiru,BR024,LoanOfficer
OF000176,Esther Maina,BR025,LoanOfficer
OF000177,Mercy Mutiso,BR025,LoanOfficer
OF000178,Paul Mutiso,BR025,LoanOfficer
OF000179,Mercy Kamau,BR025,LoanOfficer
OF000180,Kevin Mwangi,BR025,LoanOfficer
OF000181,Aisha Wanjiru,BR025,LoanOfficer
OF000182,Halima Mutiso,BR025,LoanOfficer
OF000183,Mercy Kamau,BR025,LoanOfficer
OF000184,Halima Achieng,BR025,LoanOfficer
OF000185,Paul Mwangi,BR025,LoanOfficer
OF000186,Mary Otieno,BR025,LoanOfficer
OF000187,Paul Kamau,BR026,LoanOfficer
OF000188,Halima Owino,BR026,LoanOfficer
OF000189,Kevin Achieng,BR026,LoanOfficer
OF000190,Mary Maina,BR026,LoanOfficer
OF000191,Peter Owino,BR026,LoanOfficer
OF000192,Esther Achieng,BR027,LoanOfficer
OF000193,Paul Kamau,BR027,LoanOfficer
OF000194,Anne Owino,BR027,LoanOfficer
OF000195,Paul Njoroge,BR027,LoanOfficer
OF000196,Halima Otieno,BR027,LoanOfficer
OF000197,Musa Njoroge,BR027,LoanOfficer
OF000198,Halima Achieng,BR027,LoanOfficer
OF000199,Paul Otieno,BR027,LoanOfficer
OF000200,David Owino,BR027,LoanOfficer
OF000201,James Njoroge,BR027,LoanOfficer
OF000202,Mercy Njoroge,BR027,LoanOfficer
OF000203,Peter Kibet,BR027,LoanOfficer
OF000204,James Kamau,BR028,LoanOfficer
OF000205,Grace Otieno,BR028,LoanOfficer
OF000206,Esther Kamau,BR028,LoanOfficer
OF000207,Anne Otieno,BR028,LoanOfficer
OF000208,James Mutiso,BR028,LoanOfficer
OF000209,Esther Kibet,BR028,LoanOfficer
OF000210,Mary Owino,BR028,LoanOfficer
OF000211,Esther Mwangi,BR028,LoanOfficer
OF000212,Mercy Mutiso,BR028,LoanOfficer
OF000213,Esther Maina,BR028,LoanOfficer
OF000214,Anne Mwangi,BR028,LoanOfficer
OF000215,Musa Maina,BR028,LoanOfficer
OF000216,Paul Mwangi,BR029,LoanOfficer
OF000217,Peter Njoroge,BR029,LoanOfficer
OF000218,Halima Mutiso,BR029,LoanOfficer
OF000219,Musa Mutiso,BR029,LoanOfficer
OF000220,Mary Achieng,BR029,LoanOfficer
OF000221,Halima Maina,BR029,LoanOfficer
OF000222,Aisha Otieno,BR029,LoanOfficer
OF000223,Paul Otieno,BR029,LoanOfficer
OF000224,David Mutiso,BR029,LoanOfficer
OF000225,Paul Mwangi,BR029,LoanOfficer
OF000226,Peter Mutiso,BR030,LoanOfficer
OF000227,Anne Kamau,BR030,LoanOfficer
OF000228,Musa Owino,BR030,LoanOfficer
OF000229,Aisha Kamau,BR030,LoanOfficer
OF000230,Susan Achieng,BR030,LoanOfficer
OF000231,John Mutiso,BR030,LoanOfficer
OF000232,Susan Maina,BR030,LoanOfficer
OF000233,Kevin Mwangi,BR030,LoanOfficer
OF000234,James Mutiso,BR030,LoanOfficer
OF000235,Grace Owino,BR030,LoanOfficer
OF000236,John Njoroge,BR031,LoanOfficer
OF000237,Esther Kibet,BR031,LoanOfficer
OF000238,Mercy Owino,BR031,LoanOfficer
OF000239,Peter Kibet,BR031,LoanOfficer
OF000240,Halima Mutiso,BR031,LoanOfficer
OF000241,David Mutiso,BR031,LoanOfficer
OF000242,Musa Wanjiru,BR032,LoanOfficer
OF000243,Paul Mwangi,BR032,LoanOfficer
OF000244,Anne Achieng,BR032,LoanOfficer
OF000245,John Kibet,BR032,LoanOfficer
OF000246,Mercy Wanjiru,BR032,LoanOfficer
OF000247,Halima Mwangi,BR032,LoanOfficer
OF000248,Halima Mwangi,BR032,LoanOfficer
OF000249,Mercy Otieno,BR032,LoanOfficer
OF000250,Susan Kamau,BR033,LoanOfficer
OF000251,Mercy Kamau,BR033,LoanOfficer
OF000252,Paul Wanjiru,BR033,LoanOfficer
OF000253,Susan Otieno,BR033,LoanOfficer
OF000254,Anne Njoroge,BR034,LoanOfficer
OF000255,Halima Kibet,BR034,LoanOfficer
OF000256,Grace Maina,BR034,LoanOfficer
OF000257,Susan Wanjiru,BR034,LoanOfficer
OF000258,Halima Kamau,BR034,LoanOfficer
OF000259,David Wanjiru,BR034,LoanOfficer
OF000260,Susan Mwangi,BR034,LoanOfficer
OF000261,Aisha Njoroge,BR034,LoanOfficer
OF000262,Susan Mutiso,BR034,LoanOfficer
OF000263,Esther Otieno,BR034,LoanOfficer
OF000264,James Maina,BR034,LoanOfficer
OF000265,James Njoroge,BR035,LoanOfficer
OF000266,Musa Maina,BR035,LoanOfficer
OF000267,Halima Wanjiru,BR035,LoanOfficer
OF000268,Halima Maina,BR035,LoanOfficer
OF000269,Halima Mwangi,BR035,LoanOfficer
OF000270,Peter Achieng,BR035,LoanOfficer
OF000271,Esther Kibet,BR035,LoanOfficer
OF000272,Mary Kibet,BR036,LoanOfficer
OF000273,John Mutiso,BR036,LoanOfficer
OF000274,Musa Owino,BR036,LoanOfficer
OF000275,James Mutiso,BR036,LoanOfficer
OF000276,Peter Owino,BR036,LoanOfficer
OF000277,Esther Kamau,BR037,LoanOfficer
OF000278,Anne Achieng,BR037,LoanOfficer
OF000279,Kevin Njoroge,BR037,LoanOfficer
OF000280,Susan Achieng,BR037,LoanOfficer
OF000281,Halima Owino,BR037,LoanOfficer
OF000282,Paul Mutiso,BR037,LoanOfficer
OF000283,Peter Otieno,BR038,LoanOfficer
OF000284,Musa Wanjiru,BR038,LoanOfficer
OF000285,David Owino,BR038,LoanOfficer
OF000286,Mercy Owino,BR038,LoanOfficer
OF000287,Susan Maina,BR038,LoanOfficer
OF000288,Kevin Mutiso,BR038,LoanOfficer
OF000289,Peter Mwangi,BR038,LoanOfficer
OF000290,Paul Kibet,BR038,LoanOfficer
OF000291,Paul Otieno,BR039,LoanOfficer
OF000292,Peter Njoroge,BR039,LoanOfficer
OF000293,Peter Njoroge,BR039,LoanOfficer
OF000294,Aisha Maina,BR039,LoanOfficer
OF000295,Anne Njoroge,BR039,LoanOfficer
OF000296,Mary Mwangi,BR039,LoanOfficer
OF000297,Mercy Wanjiru,BR040,LoanOfficer
OF000298,Mercy Mutiso,BR040,LoanOfficer
OF000299,Paul Achieng,BR040,LoanOfficer
OF000300,Halima Otieno,BR040,LoanOfficer
OF000301,Anne Owino,BR040,LoanOfficer
OF000302,Kevin Owino,BR040,LoanOfficer
OF000303,Paul Mwangi,BR040,LoanOfficer
OF000304,James Njoroge,BR040,LoanOfficer
OF000305,Mercy Mutiso,BR040,LoanOfficer
OF000306,Anne Otieno,BR040,LoanOfficer
OF000307,David Maina,BR040,LoanOfficer
OF000308,Peter Owino,BR040,LoanOfficer
OF000309,Mary Kibet,BR041,LoanOfficer
OF000310,Esther Achieng,BR041,LoanOfficer
OF000311,Peter Kibet,BR041,LoanOfficer
OF000312,Anne Owino,BR041,LoanOfficer
OF000313,David Njoroge,BR041,LoanOfficer
OF000314,David Otieno,BR041,LoanOfficer
OF000315,James Otieno,BR041,LoanOfficer
OF000316,Peter Wanjiru,BR041,LoanOfficer
OF000317,Anne Achieng,BR041,LoanOfficer
OF000318,Halima Kamau,BR041,LoanOfficer
OF000319,Mercy Otieno,BR041,LoanOfficer
OF000320,Anne Owino,BR041,LoanOfficer
OF000321,Anne Maina,BR042,LoanOfficer
OF000322,Halima Achieng,BR042,LoanOfficer
OF000323,Susan Njoroge,BR042,LoanOfficer
OF000324,James Otieno,BR042,LoanOfficer
OF000325,David Otieno,BR042,LoanOfficer
OF000326,Peter Kamau,BR042,LoanOfficer
OF000327,David Mwangi,BR042,LoanOfficer
OF000328,Anne Achieng,BR042,LoanOfficer
OF000329,David Mwangi,BR043,LoanOfficer
OF000330,John Achieng,BR043,LoanOfficer
OF000331,David Kamau,BR043,LoanOfficer
OF000332,Kevin Owino,BR043,LoanOfficer
OF000333,James Mwangi,BR043,LoanOfficer
OF000334,Susan Njoroge,BR043,LoanOfficer
OF000335,Paul Owino,BR044,LoanOfficer
OF000336,Peter Kamau,BR044,LoanOfficer
OF000337,John Njoroge,BR044,LoanOfficer
OF000338,Musa Owino,BR044,LoanOfficer
OF000339,James Wanjiru,BR044,LoanOfficer
OF000340,Esther Owino,BR044,LoanOfficer
OF000341,James Maina,BR044,LoanOfficer
OF000342,Kevin Mwangi,BR044,LoanOfficer
OF000343,Grace Kamau,BR044,LoanOfficer
OF000344,Halima Maina,BR044,LoanOfficer
OF000345,David Wanjiru,BR044,LoanOfficer
OF000346,James Achieng,BR045,LoanOfficer
OF000347,Halima Mutiso,BR045,LoanOfficer
OF000348,Susan Maina,BR045,LoanOfficer
OF000349,Halima Maina,BR045,LoanOfficer
OF000350,Mercy Achieng,BR045,LoanOfficer
OF000351,Esther Owino,BR045,LoanOfficer
OF000352,Aisha Owino,BR045,LoanOfficer
OF000353,Musa Maina,BR046,LoanOfficer
OF000354,Esther Njoroge,BR046,LoanOfficer
OF000355,Susan Maina,BR046,LoanOfficer
OF000356,John Maina,BR046,LoanOfficer
OF000357,Anne Wanjiru,BR046,LoanOfficer
OF000358,Halima Otieno,BR046,LoanOfficer
OF000359,Kevin Otieno,BR046,LoanOfficer
OF000360,David Wanjiru,BR046,LoanOfficer
OF000361,Mercy Kamau,BR047,LoanOfficer
OF000362,Mary Wanjiru,BR047,LoanOfficer
OF000363,Grace Mwangi,BR047,LoanOfficer
OF000364,Esther Owino,BR047,LoanOfficer
OF000365,Anne Maina,BR047,LoanOfficer
OF000366,Paul Njoroge,BR047,LoanOfficer
OF000367,Mercy Njoroge,BR048,LoanOfficer
OF000368,Anne Njoroge,BR048,LoanOfficer
OF000369,Anne Owino,BR048,LoanOfficer
OF000370,James Otieno,BR048,LoanOfficer
OF000371,Halima Maina,BR049,LoanOfficer
OF000372,Kevin Otieno,BR049,LoanOfficer
OF000373,Esther Wanjiru,BR049,LoanOfficer
OF000374,Mary Otieno,BR049,LoanOfficer
OF000375,Kevin Kamau,BR049,LoanOfficer
OF000376,Aisha Njoroge,BR049,LoanOfficer
OF000377,Musa Kamau,BR049,LoanOfficer
OF000378,James Mwangi,BR049,LoanOfficer
OF000379,Halima Njoroge,BR050,LoanOfficer
OF000380,Susan Maina,BR050,LoanOfficer
OF000381,Aisha Njoroge,BR050,LoanOfficer
OF000382,Paul Wanjiru,BR050,LoanOfficer
OF000383,Paul Njoroge,BR050,LoanOfficer
OF000384,Anne Mutiso,BR050,LoanOfficer
OF000385,Mary Achieng,BR051,LoanOfficer
OF000386,Paul Owino,BR051,LoanOfficer
OF000387,James Maina,BR051,LoanOfficer
OF000388,John Mutiso,BR051,LoanOfficer
OF000389,Anne Kibet,BR051,LoanOfficer
OF000390,Susan Njoroge,BR051,LoanOfficer
OF000391,John Wanjiru,BR051,LoanOfficer
OF000392,Mercy Maina,BR051,LoanOfficer
OF000393,Halima Njoroge,BR052,LoanOfficer
OF000394,Susan Mwangi,BR052,LoanOfficer
OF000395,Halima Kamau,BR052,LoanOfficer
OF000396,Paul Achieng,BR052,LoanOfficer
OF000397,Aisha Njoroge,BR053,LoanOfficer
OF000398,Grace Maina,BR053,LoanOfficer
OF000399,Esther Owino,BR053,LoanOfficer
OF000400,James Owino,BR053,LoanOfficer
OF000401,Peter Mutiso,BR053,LoanOfficer
OF000402,Peter Kibet,BR053,LoanOfficer
OF000403,Kevin Wanjiru,BR053,LoanOfficer
OF000404,Musa Kamau,BR053,LoanOfficer
OF000405,Peter Mutiso,BR053,LoanOfficer
OF000406,Anne Owino,BR053,LoanOfficer
OF000407,David Mutiso,BR053,LoanOfficer
OF000408,John Owino,BR054,LoanOfficer
OF000409,James Kibet,BR054,LoanOfficer
OF000410,David Kibet,BR054,LoanOfficer
OF000411,James Mutiso,BR054,LoanOfficer
OF000412,Musa Achieng,BR054,LoanOfficer
OF000413,Musa Mwangi,BR054,LoanOfficer
OF000414,Kevin Achieng,BR054,LoanOfficer
OF000415,Paul Mutiso,BR054,LoanOfficer
OF000416,John Otieno,BR054,LoanOfficer
OF000417,Mary Kibet,BR054,LoanOfficer
OF000418,Susan Owino,BR054,LoanOfficer
OF000419,Kevin Owino,BR054,LoanOfficer
OF000420,Mercy Njoroge,BR055,LoanOfficer
OF000421,Mary Kamau,BR055,LoanOfficer
OF000422,Aisha Njoroge,BR055,LoanOfficer
OF000423,Paul Owino,BR055,LoanOfficer
OF000424,John Maina,BR056,LoanOfficer
OF000425,Halima Otieno,BR056,LoanOfficer
OF000426,Anne Kamau,BR056,LoanOfficer
OF000427,David Achieng,BR056,LoanOfficer
OF000428,John Achieng,BR056,LoanOfficer
OF000429,James Otieno,BR057,LoanOfficer
OF000430,Musa Wanjiru,BR057,LoanOfficer
OF000431,Paul Wanjiru,BR057,LoanOfficer
OF000432,Kevin Kamau,BR057,LoanOfficer
OF000433,Paul Njoroge,BR057,LoanOfficer
OF000434,Mary Njoroge,BR057,LoanOfficer
OF000435,Esther Owino,BR057,LoanOfficer
OF000436,Paul Otieno,BR057,LoanOfficer
OF000437,Paul Achieng,BR057,LoanOfficer
OF000438,Grace Mutiso,BR057,LoanOfficer
OF000439,Aisha Maina,BR058,LoanOfficer
OF000440,Mary Kamau,BR058,LoanOfficer
OF000441,Musa Wanjiru,BR058,LoanOfficer
OF000442,David Mutiso,BR058,LoanOfficer
OF000443,Peter Achieng,BR058,LoanOfficer
OF000444,David Mwangi,BR058,LoanOfficer
OF000445,David Njoroge,BR058,LoanOfficer
OF000446,Musa Kamau,BR059,LoanOfficer
OF000447,Paul Achieng,BR059,LoanOfficer
OF000448,Paul Kibet,BR059,LoanOfficer
OF000449,Peter Achieng,BR059,LoanOfficer
OF000450,Halima Achieng,BR059,LoanOfficer
OF000451,Esther Owino,BR059,LoanOfficer
OF000452,Aisha Kibet,BR059,LoanOfficer
OF000453,Musa Otieno,BR059,LoanOfficer
OF000454,Anne Otieno,BR059,LoanOfficer
OF000455,Susan Mutiso,BR059,LoanOfficer
OF000456,Mercy Mutiso,BR059,LoanOfficer
OF000457,Peter Owino,BR060,LoanOfficer
OF000458,Anne Mutiso,BR060,LoanOfficer
OF000459,Esther Kamau,BR060,LoanOfficer
OF000460,Paul Mwangi,BR060,LoanOfficer
OF000461,Mary Maina,BR061,LoanOfficer
OF000462,Peter Wanjiru,BR061,LoanOfficer
OF000463,Musa Owino,BR061,LoanOfficer
OF000464,James Achieng,BR061,LoanOfficer
OF000465,Aisha Owino,BR061,LoanOfficer
OF000466,John Kamau,BR061,LoanOfficer
OF000467,Musa Kamau,BR062,LoanOfficer
OF000468,James Owino,BR062,LoanOfficer
OF000469,Halima Njoroge,BR062,LoanOfficer
OF000470,Peter Maina,BR062,LoanOfficer
OF000471,Anne Mutiso,BR062,LoanOfficer
OF000472,Kevin Wanjiru,BR062,LoanOfficer
OF000473,Musa Kibet,BR062,LoanOfficer
OF000474,Musa Achieng,BR062,LoanOfficer
OF000475,Esther Kibet,BR062,LoanOfficer
OF000476,Kevin Owino,BR062,LoanOfficer
OF000477,John Maina,BR063,LoanOfficer
OF000478,James Otieno,BR063,LoanOfficer
OF000479,Kevin Njoroge,BR063,LoanOfficer
OF000480,Mercy Wanjiru,BR063,LoanOfficer
OF000481,Esther Wanjiru,BR063,LoanOfficer
OF000482,Halima Wanjiru,BR063,LoanOfficer
OF000483,Paul Kamau,BR063,LoanOfficer
OF000484,Anne Njoroge,BR063,LoanOfficer
OF000485,Aisha Mwangi,BR063,LoanOfficer
OF000486,John Kibet,BR063,LoanOfficer
OF000487,Halima Mwangi,BR063,LoanOfficer
OF000488,David Kibet,BR063,LoanOfficer
OF000489,Esther Kamau,BR064,LoanOfficer
OF000490,Mercy Achieng,BR064,LoanOfficer
OF000491,Esther Maina,BR064,LoanOfficer
OF000492,Kevin Kamau,BR064,LoanOfficer
OF000493,Grace Kamau,BR064,LoanOfficer
OF000494,James Maina,BR064,LoanOfficer
OF000495,Musa Mutiso,BR064,LoanOfficer
OF000496,Susan Otieno,BR064,LoanOfficer
OF000497,Paul Maina,BR064,LoanOfficer
OF000498,Mercy Owino,BR065,LoanOfficer
OF000499,Kevin Njoroge,BR065,LoanOfficer
OF000500,Paul Njoroge,BR065,LoanOfficer
OF000501,Kevin Mwangi,BR065,LoanOfficer
OF000502,Aisha Owino,BR065,LoanOfficer
OF000503,Aisha Njoroge,BR065,LoanOfficer
OF000504,Grace Wanjiru,BR066,LoanOfficer
OF000505,Paul Kibet,BR066,LoanOfficer
OF000506,Susan Njoroge,BR066,LoanOfficer
OF000507,Kevin Mutiso,BR066,LoanOfficer
OF000508,Anne Njoroge,BR066,LoanOfficer
OF000509,Paul Njoroge,BR066,LoanOfficer
OF000510,Mercy Mutiso,BR066,LoanOfficer
OF000511,Musa Owino,BR066,LoanOfficer
OF000512,James Otieno,BR066,LoanOfficer
OF000513,Esther Maina,BR066,LoanOfficer
OF000514,Peter Maina,BR066,LoanOfficer
OF000515,David Njoroge,BR066,LoanOfficer
OF000516,Musa Mutiso,BR067,LoanOfficer
OF000517,David Mwangi,BR067,LoanOfficer
OF000518,Susan Mwangi,BR067,LoanOfficer
OF000519,Aisha Maina,BR067,LoanOfficer
OF000520,Musa Njoroge,BR068,LoanOfficer
OF000521,Halima Otieno,BR068,LoanOfficer
OF000522,Susan Kibet,BR068,LoanOfficer
OF000523,Mercy Otieno,BR068,LoanOfficer
OF000524,Susan Njoroge,BR068,LoanOfficer
OF000525,Kevin Kamau,BR068,LoanOfficer
OF000526,Kevin Wanjiru,BR068,LoanOfficer
OF000527,Aisha Mwangi,BR068,LoanOfficer
OF000528,David Owino,BR068,LoanOfficer
OF000529,John Maina,BR068,LoanOfficer
OF000530,Peter Kamau,BR068,LoanOfficer
OF000531,Aisha Njoroge,BR069,LoanOfficer
OF000532,Peter Mutiso,BR069,LoanOfficer
OF000533,Grace Otieno,BR069,LoanOfficer
OF000534,Grace Achieng,BR069,LoanOfficer
OF000535,Aisha Kibet,BR069,LoanOfficer
OF000536,Mary Njoroge,BR070,LoanOfficer
OF000537,Musa Kamau,BR070,LoanOfficer
OF000538,David Owino,BR070,LoanOfficer
OF000539,Halima Njoroge,BR070,LoanOfficer
OF000540,Anne Kibet,BR070,LoanOfficer
OF000541,Halima Wanjiru,BR070,LoanOfficer
OF000542,Paul Wanjiru,BR070,LoanOfficer
OF000543,Grace Otieno,BR070,LoanOfficer
OF000544,Musa Mutiso,BR070,LoanOfficer
OF000545,Musa Achieng,BR070,LoanOfficer
OF000546,Peter Wanjiru,BR070,LoanOfficer
OF000547,Halima Mutiso,BR070,LoanOfficer
OF000548,David Achieng,BR071,LoanOfficer
OF000549,James Owino,BR071,LoanOfficer
OF000550,Peter Njoroge,BR071,LoanOfficer
OF000551,Susan Mutiso,BR071,LoanOfficer
OF000552,James Otieno,BR072,LoanOfficer
OF000553,Paul Mwangi,BR072,LoanOfficer
OF000554,Susan Achieng,BR072,LoanOfficer
OF000555,Peter Maina,BR072,LoanOfficer
OF000556,Mercy Wanjiru,BR072,LoanOfficer
OF000557,Kevin Owino,BR072,LoanOfficer
OF000558,Aisha Njoroge,BR072,LoanOfficer
OF000559,Kevin Mutiso,BR072,LoanOfficer
OF000560,James Kamau,BR072,LoanOfficer
OF000561,John Njoroge,BR073,LoanOfficer
OF000562,Paul Wanjiru,BR073,LoanOfficer
OF000563,James Otieno,BR073,LoanOfficer
OF000564,Aisha Achieng,BR073,LoanOfficer
OF000565,Esther Owino,BR074,LoanOfficer
OF000566,Peter Achieng,BR074,LoanOfficer
OF000567,Esther Maina,BR074,LoanOfficer
OF000568,Anne Kamau,BR074,LoanOfficer
OF000569,Aisha Mutiso,BR074,LoanOfficer
OF000570,Kevin Wanjiru,BR074,LoanOfficer
OF000571,Susan Mutiso,BR075,LoanOfficer
OF000572,David Mwangi,BR075,LoanOfficer
OF000573,Anne Kibet,BR075,LoanOfficer
OF000574,Mercy Owino,BR075,LoanOfficer
OF000575,Paul Otieno,BR075,LoanOfficer
OF000576,Musa Kibet,BR075,LoanOfficer
OF000577,James Kibet,BR075,LoanOfficer
OF000578,Mary Kibet,BR075,LoanOfficer
OF000579,John Mutiso,BR075,LoanOfficer
OF000580,David Otieno,BR075,LoanOfficer
OF000581,James Owino,BR075,LoanOfficer
OF000582,Kevin Otieno,BR076,LoanOfficer
OF000583,Kevin Maina,BR076,LoanOfficer
OF000584,John Mwangi,BR076,LoanOfficer
OF000585,Halima Kibet,BR076,LoanOfficer
OF000586,Mercy Kamau,BR076,LoanOfficer
OF000587,James Achieng,BR077,LoanOfficer
OF000588,Mercy Maina,BR077,LoanOfficer
OF000589,Mercy Otieno,BR077,LoanOfficer
OF000590,Peter Kamau,BR077,LoanOfficer
OF000591,Halima Maina,BR077,LoanOfficer
OF000592,John Njoroge,BR077,LoanOfficer
OF000593,Musa Kamau,BR077,LoanOfficer
OF000594,Mary Njoroge,BR078,LoanOfficer
OF000595,Halima Kamau,BR078,LoanOfficer
OF000596,James Mwangi,BR078,LoanOfficer
OF000597,Grace Mwangi,BR078,LoanOfficer
OF000598,Peter Otieno,BR078,LoanOfficer
OF000599,Susan Kibet,BR078,LoanOfficer
OF000600,Grace Njoroge,BR079,LoanOfficer
OF000601,John Kamau,BR079,LoanOfficer
OF000602,Anne Mutiso,BR079,LoanOfficer
OF000603,Mary Wanjiru,BR079,LoanOfficer
OF000604,Paul Owino,BR080,LoanOfficer
OF000605,Halima Kibet,BR080,LoanOfficer
OF000606,Mary Maina,BR080,LoanOfficer
OF000607,James Owino,BR080,LoanOfficer
OF000608,Mary Otieno,BR080,LoanOfficer
OF000609,Anne Achieng,BR081,LoanOfficer
OF000610,David Owino,BR081,LoanOfficer
OF000611,Kevin Mwangi,BR081,LoanOfficer
OF000612,John Owino,BR081,LoanOfficer
OF000613,Esther Wanjiru,BR082,LoanOfficer
OF000614,Paul Owino,BR082,LoanOfficer
OF000615,James Wanjiru,BR082,LoanOfficer
OF000616,Peter Maina,BR082,LoanOfficer
OF000617,Grace Wanjiru,BR082,LoanOfficer
OF000618,Grace Njoroge,BR082,LoanOfficer
OF000619,Susan Maina,BR082,LoanOfficer
OF000620,Mary Kibet,BR082,LoanOfficer
OF000621,Esther Maina,BR082,LoanOfficer
OF000622,Mary Njoroge,BR082,LoanOfficer
OF000623,Mary Maina,BR083,LoanOfficer
OF000624,Esther Wanjiru,BR083,LoanOfficer
OF000625,Halima Wanjiru,BR083,LoanOfficer
OF000626,Musa Achieng,BR083,LoanOfficer
OF000627,Anne Otieno,BR083,LoanOfficer
OF000628,Esther Owino,BR083,LoanOfficer
OF000629,Aisha Otieno,BR083,LoanOfficer
OF000630,Esther Kibet,BR083,LoanOfficer
OF000631,Musa Owino,BR083,LoanOfficer
OF000632,Esther Mutiso,BR083,LoanOfficer
OF000633,Anne Wanjiru,BR083,LoanOfficer
OF000634,Esther Kibet,BR084,LoanOfficer
OF000635,Kevin Njoroge,BR084,LoanOfficer
OF000636,Peter Kamau,BR084,LoanOfficer
OF000637,Kevin Owino,BR084,LoanOfficer
OF000638,James Wanjiru,BR084,LoanOfficer
OF000639,Musa Wanjiru,BR084,LoanOfficer
OF000640,James Mutiso,BR084,LoanOfficer
OF000641,James Kibet,BR084,LoanOfficer
OF000642,Halima Kamau,BR084,LoanOfficer
OF000643,John Maina,BR085,LoanOfficer
OF000644,Mary Achieng,BR085,LoanOfficer
OF000645,Peter Wanjiru,BR085,LoanOfficer
OF000646,Esther Kibet,BR085,LoanOfficer
OF000647,Musa Mutiso,BR085,LoanOfficer
OF000648,Musa Mwangi,BR085,LoanOfficer
OF000649,David Maina,BR085,LoanOfficer
OF000650,David Kibet,BR085,LoanOfficer
OF000651,James Maina,BR085,LoanOfficer
OF000652,Mary Otieno,BR085,LoanOfficer
OF000653,Grace Owino,BR085,LoanOfficer
OF000654,Mercy Wanjiru,BR085,LoanOfficer
OF000655,Musa Achieng,BR086,LoanOfficer
OF000656,Peter Wanjiru,BR086,LoanOfficer
OF000657,Halima Njoroge,BR086,LoanOfficer
OF000658,Susan Otieno,BR086,LoanOfficer
OF000659,Halima Mutiso,BR086,LoanOfficer
OF000660,Musa Achieng,BR086,LoanOfficer
OF000661,Halima Maina,BR086,LoanOfficer
OF000662,Susan Achieng,BR086,LoanOfficer
OF000663,John Maina,BR086,LoanOfficer
OF000664,John Kamau,BR087,LoanOfficer
OF000665,David Njoroge,BR087,LoanOfficer
OF000666,Aisha Kibet,BR087,LoanOfficer
OF000667,Peter Mwangi,BR087,LoanOfficer
OF000668,Grace Kamau,BR087,LoanOfficer
OF000669,Susan Mutiso,BR087,LoanOfficer
OF000670,James Kamau,BR087,LoanOfficer
OF000671,Anne Mwangi,BR087,LoanOfficer
OF000672,Anne Achieng,BR088,LoanOfficer
OF000673,Mercy Mutiso,BR088,LoanOfficer
OF000674,Esther Owino,BR088,LoanOfficer
OF000675,Peter Kamau,BR088,LoanOfficer
OF000676,Peter Njoroge,BR088,LoanOfficer
OF000677,Halima Maina,BR089,LoanOfficer
OF000678,Susan Wanjiru,BR089,LoanOfficer
OF000679,Aisha Mwangi,BR089,LoanOfficer
OF000680,Grace Kamau,BR089,LoanOfficer
OF000681,Halima Maina,BR089,LoanOfficer
OF000682,John Wanjiru,BR089,LoanOfficer
OF000683,David Owino,BR089,LoanOfficer
OF000684,Kevin Mutiso,BR089,LoanOfficer
OF000685,Paul Maina,BR089,LoanOfficer
OF000686,Esther Njoroge,BR090,LoanOfficer
OF000687,Mercy Achieng,BR090,LoanOfficer
OF000688,James Kibet,BR090,LoanOfficer
OF000689,Esther Wanjiru,BR090,LoanOfficer
OF000690,David Maina,BR090,LoanOfficer
OF000691,Paul Achieng,BR090,LoanOfficer
OF000692,Kevin Njoroge,BR090,LoanOfficer
OF000693,John Otieno,BR090,LoanOfficer
OF000694,Esther Maina,BR090,LoanOfficer
OF000695,John Mwangi,BR090,LoanOfficer
OF000696,Mercy Njoroge,BR090,LoanOfficer
OF000697,Halima Kamau,BR091,LoanOfficer
OF000698,Halima Njoroge,BR091,LoanOfficer
OF000699,David Kibet,BR091,LoanOfficer
OF000700,James Mwangi,BR091,LoanOfficer
OF000701,Paul Mutiso,BR091,LoanOfficer
OF000702,Grace Kamau,BR091,LoanOfficer
OF000703,Esther Achieng,BR091,LoanOfficer
OF000704,Mary Achieng,BR092,LoanOfficer
OF000705,Musa Kibet,BR092,LoanOfficer
OF000706,James Mutiso,BR092,LoanOfficer
OF000707,Musa Mwangi,BR092,LoanOfficer
OF000708,Esther Mwangi,BR092,LoanOfficer
OF000709,Paul Wanjiru,BR092,LoanOfficer
OF000710,Musa Kibet,BR092,LoanOfficer
OF000711,Susan Mutiso,BR093,LoanOfficer
OF000712,Anne Mutiso,BR093,LoanOfficer
OF000713,David Wanjiru,BR093,LoanOfficer
OF000714,Esther Mwangi,BR093,LoanOfficer
OF000715,Peter Kamau,BR093,LoanOfficer
OF000716,Halima Maina,BR093,LoanOfficer
OF000717,Paul Kibet,BR093,LoanOfficer
OF000718,James Mutiso,BR093,LoanOfficer
OF000719,Musa Wanjiru,BR093,LoanOfficer
OF000720,Mercy Mutiso,BR093,LoanOfficer
OF000721,Mary Wanjiru,BR094,LoanOfficer
OF000722,Esther Njoroge,BR094,LoanOfficer
OF000723,Anne Kibet,BR094,LoanOfficer
OF000724,Mercy Kibet,BR094,LoanOfficer
OF000725,Halima Kamau,BR094,LoanOfficer
OF000726,James Achieng,BR094,LoanOfficer
OF000727,Kevin Wanjiru,BR094,LoanOfficer
OF000728,Mary Achieng,BR094,LoanOfficer
OF000729,Mercy Kibet,BR094,LoanOfficer
OF000730,Peter Kamau,BR094,LoanOfficer
OF000731,James Kamau,BR095,LoanOfficer
OF000732,David Otieno,BR095,LoanOfficer
OF000733,Grace Maina,BR095,LoanOfficer
OF000734,Grace Wanjiru,BR095,LoanOfficer
OF000735,Grace Owino,BR095,LoanOfficer
OF000736,Paul Maina,BR095,LoanOfficer
OF000737,Halima Maina,BR095,LoanOfficer
OF000738,Kevin Maina,BR096,LoanOfficer
OF000739,Kevin Maina,BR096,LoanOfficer
OF000740,Peter Kibet,BR096,LoanOfficer
OF000741,Grace Owino,BR096,LoanOfficer
OF000742,James Owino,BR096,LoanOfficer
OF000743,Paul Njoroge,BR096,LoanOfficer
OF000744,Halima Njoroge,BR096,LoanOfficer
OF000745,Susan Mwangi,BR096,LoanOfficer
OF000746,Peter Achieng,BR096,LoanOfficer
OF000747,James Njoroge,BR096,LoanOfficer
OF000748,Paul Owino,BR096,LoanOfficer
OF000749,John Kibet,BR097,LoanOfficer
OF000750,Musa Njoroge,BR097,LoanOfficer
OF000751,James Wanjiru,BR097,LoanOfficer
OF000752,Susan Maina,BR097,LoanOfficer
OF000753,Esther Owino,BR098,LoanOfficer
OF000754,Susan Achieng,BR098,LoanOfficer
OF000755,Halima Mwangi,BR098,LoanOfficer
OF000756,Paul Maina,BR098,LoanOfficer
OF000757,Kevin Otieno,BR098,LoanOfficer
OF000758,Peter Maina,BR098,LoanOfficer
OF000759,Paul Achieng,BR098,LoanOfficer
OF000760,Grace Mwangi,BR098,LoanOfficer
OF000761,Paul Wanjiru,BR098,LoanOfficer
OF000762,Halima Kibet,BR098,LoanOfficer
OF000763,Anne Wanjiru,BR098,LoanOfficer
OF000764,Mary Kamau,BR098,LoanOfficer
OF000765,Mercy Owino,BR099,LoanOfficer
OF000766,Paul Achieng,BR099,LoanOfficer
OF000767,Mary Maina,BR099,LoanOfficer
OF000768,Grace Kibet,BR099,LoanOfficer
OF000769,Aisha Njoroge,BR100,LoanOfficer
OF000770,Esther Mutiso,BR100,LoanOfficer
OF000771,Halima Kibet,BR100,LoanOfficer
OF000772,Kevin Maina,BR100,LoanOfficer
OF000773,John Kibet,BR100,LoanOfficer
OF000774,James Kibet,BR100,LoanOfficer
OF000775,James Achieng,BR100,LoanOfficer
OF000776,Kevin Mutiso,BR100,LoanOfficer
OF000777,David Njoroge,BR100,LoanOfficer
